{"count":1,"self":38.3409056,"total":774.7920147,"children":{"InitializeActuators":{"count":36,"self":0.0030034999999999997,"total":0.0030034999999999997,"children":null},"InitializeSensors":{"count":36,"self":0.0010008999999999999,"total":0.0010008999999999999,"children":null},"AgentSendState":{"count":69501,"self":3.9314875999999996,"total":15.2832701,"children":{"CollectObservations":{"count":500436,"self":1.3972456,"total":1.3972456,"children":null},"WriteActionMask":{"count":500436,"self":0.9038373,"total":0.9038373,"children":null},"RequestDecision":{"count":500436,"self":3.6530696,"total":9.0506996,"children":{"AgentInfo.ToProto":{"count":500436,"self":2.6206156,"total":5.3976302,"children":{"GenerateSensorData":{"count":500436,"self":2.7770143999999997,"total":2.7770145,"children":null}}}}}}},"DecideAction":{"count":69501,"self":716.7521792,"total":716.75215859999992,"children":null},"AgentAct":{"count":69501,"self":3.3441996,"total":3.3532067,"children":{"AgentInfo.ToProto":{"count":459,"self":0.0030028,"total":0.009007,"children":{"GenerateSensorData":{"count":459,"self":0.0060041999999999995,"total":0.0060041999999999995,"children":null}}}}},"AgentInfo.ToProto":{"count":51600,"self":0.51848149999999993,"total":1.0584706,"children":{"GenerateSensorData":{"count":51600,"self":0.5399891,"total":0.5399891,"children":null}}}},"gauges":{"MoveToGoal.CumulativeReward":{"count":52059,"max":2,"min":-1,"runningAverage":0.9802643,"value":1,"weightedAverage":0.9999999}},"metadata":{"timer_format_version":"0.1.0","start_time_seconds":"1698157826","unity_version":"2022.3.4f1","command_line_arguments":"H:\\UnityEditor\\2022.3.4f1\\Editor\\Unity.exe -projectpath H:\\Progetti\\venvIA\\ProgettoIA -useHub -hubIPC -cloudEnvironment production -licensingIpc LicenseClient-cossu -hubSessionId 5905ad08-635b-4701-b4d8-a32b65b85e12","communication_protocol_version":"1.5.0","com.unity.ml-agents_version":"2.0.1","scene_name":"SampleScene","end_time_seconds":"1698158601"}}